0,a_musical_instrument
1,has_keys
2,requires_air
3,associated_with_polkas
4,has_buttons
5,used_by_moving_bellows
6,inbeh_-_produces_music
7,is_loud
8,worn_on_chest
9,beh_-_flies
10,has_wings
11,used_for_passengers
12,is_fast
13,requires_pilots
14,used_for_transportation
15,found_in_airports
16,is_large
17,made_of_metal
18,inbeh_-_crashes
19,used_for_travel
20,has_a_propeller
21,has_engines
22,has_teeth
23,is_green
24,an_animal
25,is_long
26,a_reptile
27,lives_in_swamps
28,has_scales
29,lives_in_water
30,has_a_tail
31,is_scary
32,beh_-_swims
33,has_a_mouth
34,lives_in_Florida
35,beh_-_eats_people
36,has_jaws
37,is_dangerous
38,has_a_siren
39,has_flashing_lights
40,is_white
41,used_by_hospitals
42,used_for_emergencies
43,a_vehicle
44,requires_caregivers
45,has_4_wheels
46,is_red
47,used_by_sick_people
48,used_for_injuries
49,a_van
50,is_orange
51,used_by_paramedics
52,used_for_rescuing
53,is_heavy
54,found_on_boats
55,used_for_holding_boats_still
56,inbeh_-_sinks
57,used_for_staying_stationary
58,found_in_water
59,made_of_iron
60,is_attached_to_chains
61,used_on_boats
62,an_inanimate
63,is_attached_to_ropes
64,used_by_sailors
65,an_insect
66,is_small
67,is_black
68,lives_in_ground
69,is_strong
70,lives_in_a_hill
71,lives_in_a_colony
72,has_6_legs
73,beh_-_bites
74,beh_-_crawls
75,has_antennae
76,used_for_living_in
77,has_bedrooms
78,found_in_buildings
79,requires_rent
80,has_a_kitchen
81,has_a_bathroom
82,has_a_bedroom
83,has_tenants
84,associated_with_2_bedrooms
85,is_furnished
86,requires_a_landlord
87,a_house
88,has_a_balcony
89,made_of_brick
90,found_in_high-rises
91,has_elevators
92,has_windows
93,a_fruit
94,grows_on_trees
95,eaten_in_pies
96,is_crunchy
97,has_seeds
98,is_juicy
99,tastes_sweet
100,is_round
101,is_delicious
102,is_nutritious
103,is_yellow
104,has_a_core
105,has_skin
106,tastes_sour
107,used_for_cider
108,eg_-_granny_smith
109,is_worm_infested
110,used_for_cooking
111,worn_for_protection
112,made_of_cloth
113,has_strings
114,worn_for_covering_clothes
115,worn_in_kitchens
116,worn_around_neck
117,made_of_cotton
118,worn_around_waist
119,used_for_cleaning
120,worn_by_cooks
121,worn_by_women
122,worn_by_knights
123,is_medieval
124,is_shiny
125,is_silver
126,used_for_covering_body
127,used_long_ago
128,worn_for_fighting
129,used_for_ashes
130,made_of_glass
131,used_for_cigarettes
132,has_holders
133,is_dirty
134,is_smelly
135,used_by_smokers
136,found_in_houses
137,made_of_plastic
138,used_for_butts
139,a_vegetable
140,is_edible
141,grows_in_gardens
142,is_healthy
143,eaten_by_cooking
144,eaten_in_soups
145,tastes_bad
146,used_for_making_guacamole
147,has_a_large_pit
148,is_high_in_fat
149,tastes_good
150,is_soft
151,used_for_chopping
152,used_for_chopping_wood
153,has_a_handle
154,is_sharp
155,a_tool
156,has_a_wooden_handle
157,used_by_lumberjacks
158,has_a_blade
159,has_a_head
160,used_for_cutting
161,used_for_killing
162,has_a_metal_blade
163,a_weapon
164,used_in_movies/Jason
165,made_of_paper
166,used_for_carrying_things
167,has_handles
168,different_sizes
169,is_breakable
170,different_colours
171,used_for_holding_things
172,found_in_grocery_stores
173,is_useful
174,made_of_material
175,used_for_carrying_groceries
176,associated_with_Scotland
177,used_for_music
178,has_pipes
179,has_a_bag
180,is_plaid
181,used_in_marching_bands
182,used_by_bouncing
183,used_for_sports
184,used_by_throwing
185,used_for_playing
186,is_fun
187,is_hard
188,used_for_games
189,requires_helium
190,inbeh_-_floats
191,used_at_parties
192,inbeh_-_bursts
193,inbeh_-_expands
194,requires_hot_air
195,inbeh_-_produces_a_loud_noise_when_popped
196,associated_with_hot_air_balloons
197,is_light_weight
198,made_of_rubber
199,is_colourful
200,used_by_children
201,used_by_clowns
202,eaten_by_peeling
203,eaten_by_monkeys
204,grows_in_tropical_climates
205,has_peel
206,has_a_skin
207,made_of_wood
208,used_in_bands
209,like_a_guitar
210,inbeh_-_produces_sound
211,used_by_playing
212,has_a_neck
213,used_by_musicians
214,has_words_on_it
215,used_by_hanging
216,has_a_message
217,used_for_advertising
218,used_for_celebrating
219,a_sign
220,is_rectangular
221,used_for_events
222,used_for_storage
223,found_on_farms
224,used_for_animals
225,used_for_storing_hay
226,a_building
227,found_in_the_country
228,has_a_hay_loft
229,used_for_storing_farm_equipment
230,has_doors
231,used_for_cows
232,has_stalls
233,used_for_storing_tractors
234,a_container
235,is_brown
236,used_for_storing_beer
237,used_for_storing_wine
238,has_a_lid
239,has_metal_bands
240,used_for_storing_water
241,found_below_ground
242,is_cold
243,found_on_the_bottom_floor
244,is_dark
245,is_damp
246,made_of_cement
247,part_of_a_house
248,has_a_furnace
249,has_a_foundation
250,has_stairways
251,has_walls
252,is_musty
253,is_the_lowest_floor
254,is_weaved
255,made_of_wicker
256,used_at_Easter
257,used_by_carrying
258,used_for_picnics
259,used_for_fruit
260,beh_-_is_nocturnal
261,lives_in_caves
262,has_fur
263,beh_-_sleeps_upside_down
264,is_blind
265,beh_-_uses_radar_to_navigate
266,beh_-_screeches
267,a_mammal
268,has_fangs
269,associated_with_vampires
270,used_for_hitting_balls
271,used_for_hitting
272,used_by_swinging
273,found_in_bathrooms
274,used_for_bathing
275,used_for_holding_water
276,has_taps
277,used_by_filling
278,used_for_washing
279,used_for_bubble_baths
280,has_a_drain
281,has_a_drain_plug
282,requires_water
283,made_of_ceramic
284,used_by_people
285,used_for_showers
286,like_a_stick
287,used_by_twirling
288,used_by_throwing_in_air
289,used_in_relay_races
290,used_by_cheerleaders
291,used_in_wars
292,a_long_knife
293,found_at_the_end_of_a_gun
294,a_gun
295,inbeh_-_fires
296,used_for_war
297,is_destructive
298,used_by_the_army
299,causes_gas
300,eg_-_kidney
301,eg_-_lima
302,eaten_by_baking
303,has_pods
304,has_protein
305,has_claws
306,beh_-_eats_fish
307,beh_-_hibernates
308,has_feet
309,hunted_by_people
310,lives_in_wilderness
311,beh_-_produces_offspring
312,lives_in_forests
313,has_4_legs
314,has_paws
315,has_sharp_teeth
316,beh_-_builds_dams
317,is_furry
318,symbol_of_Canada
319,beh_-_cuts_down_trees
320,found_on_the_nickel
321,beh_-_chews_on_wood
322,lives_in_dams
323,used_for_sleeping
324,has_a_mattress
325,has_pillows
326,found_in_bedrooms
327,has_sheets
328,is_comfortable
329,has_blankets
330,used_for_sex
331,has_springs
332,furniture
333,has_a_box_spring
334,has_a_comforter
335,has_a_headboard
336,is_warm
337,used_at_night
338,has_a_bed
339,used_for_sleeping_in
340,has_a_closet
341,has_a_dresser
342,a_room
343,has_a_window
344,used_for_personal_space
345,used_as_a_home_by_bees
346,has_honey
347,found_in_trees
348,inbeh_-_produces_honey
349,made_by_bees
350,used_as_a_home_by_queen_bees
351,has_a_shell
352,a_bug
353,is_ugly
354,has_eyes
355,has_legs
356,eaten_as_pickles
357,grows_in_the_ground
358,is_purple
359,a_root
360,beh_-_stains
361,eaten_in_borscht
362,has_leaves
363,eaten_in_salads
364,grows_underground
365,made_of_leather
366,has_buckles
367,worn_for_holding_up_pants
368,has_holes
369,used_for_punishment
370,a_fashion_accessory
371,is_thin
372,clothing
373,is_decorative
374,worn_through_pant_loops
375,used_by_sitting_on
376,found_in_parks
377,found_at_bus_stops
378,has_a_back
379,used_for_resting
380,has_wheels
381,has_2_wheels
382,has_handle_bars
383,used_by_riding
384,used_for_racing
385,has_a_seat
386,has_pedals
387,used_for_exercising
388,eg_-_mountain
389,has_brakes
390,eg_-_ten_speed
391,has_a_bell
392,different_speeds
393,has_a_chain
394,has_a_frame
395,has_gears
396,has_training_wheels
397,used_for_holding_garbage
398,is_emptied
399,is_hollow
400,has_bark
401,is_tall
402,grows_in_forests
403,has_branches
404,beh_-_loses_leaves_in_the_fall
405,used_for_making_paper
406,a_tree
407,beh_-_bark_peals_off
408,eaten_with_tea
409,a_food
410,made_with_flour
411,a_treat
412,like_a_cookie
413,beh_-_travels_in_herds
414,is_endangered
415,like_a_buffalo
416,eaten_by_natives
417,a_bird
418,has_feathers
419,has_a_beak
420,beh_-_lays_eggs
421,beh_-_builds_nests
422,beh_-_sings
423,beh_-_chirps
424,beh_-_eats_worms
425,found_in_kitchens
426,is_electrical
427,an_appliance
428,has_blades
429,used_for_making_drinks
430,used_for_mixing
431,used_for_chopping_food
432,used_for_making_milkshakes
433,used_for_mixing_liquids
434,has_a_container
435,is_electronic
436,has_cutting_blades
437,has_sleeves
438,has_a_collar
439,made_of_silk
440,worn_with_skirts
441,a_shirt
442,is_pretty
443,worn_on_torso
444,is_feminine
445,is_blue
446,grows_on_bushes
447,a_berry
448,eaten_in_jams
449,eaten_raw
450,used_for_writing_on
451,used_by_teachers
452,found_in_schools
453,used_for_learning
454,used_with_chalk
455,found_in_classrooms
456,requires_cleaning
457,is_dusty
458,used_by_pirates
459,used_for_building_things
460,used_on_ships
461,used_for_building_houses
462,used_for_construction
463,used_for_diving_boards
464,comes_from_trees
465,is_flat
466,made_from_wood
467,found_on_water
468,has_a_motor
469,used_for_fishing
470,has_sails
471,used_on_oceans
472,used_with_nuts
473,used_with_screws
474,used_for_holding
475,used_for_locking/unlocking_doors
476,used_for_holding_things_together
477,used_for_securing
478,made_of_steel
479,a_hardware
480,has_threads
481,inbeh_-_explodes
482,is_nuclear
483,is_frightening
484,used_by_dropping
485,dropped_from_airplanes
486,is_lethal
487,used_for_terrorism
488,has_a_timer
489,used_at_Hiroshima
490,has_pages
491,used_by_reading
492,has_words_in_it
493,has_authors
494,found_in_libraries
495,has_a_hard_cover
496,inbeh_-_tells_stories
497,has_a_soft_cover
498,found_on_shelves
499,has_information
500,has_page_numbers
501,has_pictures
502,used_for_acquiring/storing_knowledge
503,used_for_holding_books
504,has_shelves
505,found_on_walls
506,used_for_organizing
507,worn_in_winter
508,worn_on_feet
509,comes_in_pairs
510,worn_for_the_rain
511,worn_for_warmth
512,worn_for_keeping_feet_warm
513,eg_-_cowboy
514,has_heels
515,has_laces
516,has_soles
517,worn_for_keeping_feet_dry
518,is_short
519,worn_for_covering
520,worn_for_protecting_feet
521,used_for_holding_liquids
522,is_transparent
523,is_recyclable
524,has_a_cork
525,used_for_drinking
526,used_for_holding_beer
527,used_for_holding_wine
528,made_of_flowers
529,smells_nice
530,used_as_a_gift
531,used_at_weddings
532,comes_in_arrangements
533,found_in_vases
534,found_on_gifts
535,used_for_tying
536,worn_in_hair
537,used_for_decoration
538,requires_arrows
539,used_for_hunting
540,has_a_string
541,is_curved
542,used_for_archery
543,used_for_eating
544,used_for_food
545,used_for_soup
546,used_for_eating_cereal
547,used_for_liquids
548,requires_a_spoon
549,is_square
550,made_of_cardboard
551,has_sides
552,used_for_moving_things
553,has_4_sides
554,has_6_sides
555,worn_for_support
556,an_undergarment
557,has_straps
558,is_lacy
559,worn_for_supporting_breasts
560,has_hooks
561,has_cups
562,has_wires
563,has_clasps
564,has_no_straps
565,is_sexy
566,is_uncomfortable
567,worn_on_wrists
568,made_of_gold
569,made_of_silver
570,a_jewelry
571,is_expensive
572,used_for_gifts
573,has_a_clasp
574,worn_on_ankles
575,bought/sold_in_stores
576,is_not_expensive
577,made_of_wheat
578,requires_baking
579,used_in_sandwiches
580,made_of_flour
581,a_loaf
582,made_with_yeast
583,has_a_crust
584,requires_slicing
585,eaten_as_toast
586,eaten_with_butter
587,used_for_building_buildings
588,is_rough
589,found_over_water
590,used_for_connecting_land
591,used_by_cars
592,made_of_concrete
593,eg_-_a_drawbridge
594,made_by_humans
595,used_by_trains
596,used_for_crossing
597,eaten_with_cheese_sauce
598,has_flowers
599,has_stalks
600,used_for_sweeping
601,has_bristles
602,associated_with_witches
603,used_on_floors
604,found_in_closets
605,made_of_straw
606,used_for_removing_dirt
607,used_for_removing_dust
608,used_on_hair
609,used_on_teeth
610,used_for_untangling
611,is_hand_held
612,used_for_combing
613,used_for_painting
614,used_for_water
615,found_on_belts
616,found_on_shoes
617,used_for_fastening
618,beh_-_eats
619,lives_in_cages
620,beh_-_eats_seeds
621,a_pet
622,beh_-_talks
623,has_hair
624,beh_-_runs
625,like_a_cow
626,has_horns
627,lives_in_Prairies
628,used_for_babies
629,used_by_pushing
630,used_by_pulling_by_horses
631,has_seats
632,is_old-fashioned
633,used_for_residences
634,used_for_work
635,found_in_cities
636,has_rooms
637,has_a_roof
638,is_male
639,used_for_bullfighting
640,a_cow
641,has_a_ring_in_its_nose
642,beh_-_kills_people
643,beh_-_hates_red
644,lives_in_Spain
645,used_in_guns
646,used_by_firing_from_gun
647,has_a_pointed_end
648,used_by_hunters
649,used_by_the_police
650,made_of_lead
651,requires_gunpowder
652,used_as_a_projectile
653,used_for_injuring
654,has_levels
655,has_1_level
656,has_a_basement
657,used_for_shelter
658,has_drawers
659,used_for_storing_clothing
660,a_desk
661,has_a_mirror_on_top
662,a_dresser
663,requires_drivers
664,requires_a_fare
665,used_by_schools
666,is_crowded
667,has_an_engine
668,used_for_public_transportation
669,has_many_seats
670,comes_from_a_caterpillar
671,comes_from_a_cocoon
672,beh_-_pollinates_flowers
673,is_beautiful
674,different_types
675,eg_-_monarch
676,is_delicate
677,a_scavenger
678,beh_-_eats_dead_flesh
679,lives_in_deserts
680,a_carnivore
681,eaten_as_coleslaw
682,eaten_in_cabbage_rolls
683,grows_in_patches
684,grows_on_the_ground
685,found_in_forests
686,made_of_logs
687,has_fireplaces
688,used_for_vacations
689,like_a_house
690,used_for_relaxing
691,is_cozy
692,used_for_storing_dishes
693,used_for_holding_animals
694,has_a_door
695,has_bars
696,has_a_lock
697,used_for_trapping
698,is_restricting
699,made_of_wire
700,used_by_zoos
701,used_for_birds
702,used_for_criminals
703,requires_icing
704,eaten_at_birthdays
705,eaten_at_special_occasions
706,eg_-_chocolate_cake
707,a_dessert
708,eaten_with_ice_cream
709,eg_-_vanilla_cake
710,made_in_ovens
711,eaten_at_weddings
712,made_with_sugar
713,requires_candles
714,tastes_different_flavours
715,a_baby_cow
716,lives_on_farms
717,beh_-_suckles_milk
718,eaten_as_veal
719,beh_-_moos
720,has_hooves
721,has_4_hoofs
722,beh_-_eats_grass
723,eaten_as_food
724,has_a_hump
725,beh_-_drinks_water
726,beh_-_stores_water
727,associated_with_cigarettes
728,beh_-_spits
729,is_beige
730,has_2_humps
731,worn_under_shirts
732,a_lingerie
733,has_lace
734,has_no_sleeves
735,has_thin/spaghetti_straps
736,has_2_legs
737,made_of_wax
738,inbeh_-_produces_light
739,is_scented
740,has_a_wick
741,inbeh_-_produces_heat
742,different_shapes
743,inbeh_-_burns
744,requires_a_lighting_source
745,inbeh_-_melts
746,used_for_starting_fires
747,used_for_romancing
748,inbeh_-_fires_cannon_balls
749,used_in_circuses
750,used_a_while_ago
751,has_a_barrel
752,is_powerful
753,has_paddles/is_paddled
754,a_boat
755,used_by_Indians
756,used_by_1_2_or_3_people
757,used_on_water
758,inbeh_-_tips
759,used_by_2_people
760,made_of_fibreglass
761,used_on_rivers
762,used_on_lakes
763,made_of_birch_bark
764,used_by_portaging
765,used_for_camping
766,a_melon
767,is_orange_inside
768,grows_in_warm_climates
769,has_rough_skin
770,eaten_in_summer
771,is_opened_by_twisting
772,is_closed_by_twisting
773,used_for_sealing
774,used_on_bottles
775,used_for_ensuring_freshness
776,worn_on_heads
777,has_a_visor
778,eg_-_baseball
779,has_logos
780,worn_for_blocking_the_sun
781,associated_with_bad_hair_days
782,worn_by_sports_teams
783,worn_by_men
784,is_adjustable
785,worn_by_super_heroes
786,worn_on_back
787,worn_on_shoulders
788,associated_with_Batman
789,associated_with_Dracula
790,associated_with_Superman
791,inbeh_-_flows_in_the_wind
792,has_a_steering_wheel
793,requires_gasoline
794,causes_pollution
795,has_4_doors
796,made_by_Hallmark
797,used_by_mailing
798,used_for_birthdays
799,is_humorous
800,used_by_thoughtful_people
801,used_for_special_occasions
802,used_for_sympathy
803,associated_with_envelopes
804,has_antlers
805,lives_in_north
806,lives_in_woods
807,a_herbivore
808,beh_-_migrates
809,hunted_by_Eskimos
810,used_for_covering_floors
811,is_wall_to_wall
812,requires_vacuuming
813,used_for_warmth
814,found_on_floors
815,is_shag
816,used_for_walking_on
817,is_plush
818,made_of_wool
819,is_thick
820,eaten_by_rabbits
821,has_a_top
822,has_vitamin_A
823,used_for_good_eyesight
824,has_a_green_top
825,has_a_leafy_top
826,used_for_cargo
827,used_by_pulling
828,used_for_shopping
829,has_whiskers
830,beh_-_meows
831,beh_-_purrs
832,is_domestic
833,a_baby_is_a_kitten
834,a_feline
835,beh_-_eats_mice
836,is_independent
837,beh_-_kills
838,used_for_throwing
839,used_for_throwing_stones
840,used_for_launching_objects
841,becomes_a_butterfly
842,has_many_legs
843,beh_-_cocoons
844,beh_-_eats_leaves
845,lives_in_trees
846,eaten_by_birds
847,a_fish
848,has_fins
849,has_gills
850,beh_-_eats_garbage
851,lives_in_lakes
852,a_church
853,has_stained_glass_windows
854,used_for_worshipping
855,associated_with_religion
856,used_by_Catholics
857,used_for_praying
858,used_for_weddings
859,has_benches
860,has_candles
861,has_green_leaves
862,eaten_by_steaming
863,used_for_making_furniture
864,a_type_of_wood
865,an_evergreen
866,a_coniferous
867,has_needles
868,is_stringy
869,eaten_with_dips
870,has_fibre
871,tastes_bland
872,found_in_basements
873,used_for_storing_food
874,found_in_orchestras
875,requires_a_bow
876,inbeh_-_produces_deep_sounds
877,inbeh_-_produces_noise
878,a_paper
879,has_a_signature
880,used_for_recognition
881,used_for_accomplishments
882,used_for_certifying
883,has_a_name_on_it
884,used_for_achievements
885,an_award
886,requires_a_frame
887,has_a_seal
888,has_links
889,is_gold
890,used_on_bicycles
891,has_armrests
892,has_a_cushion
893,found_at_tables
894,is_upholstered
895,used_for_rocking
896,used_with_tables
897,used_by_hanging_from_ceilings
898,used_for_making_light
899,a_light_fixture
900,made_of_crystal
901,has_lightbulbs
902,found_in_dining_rooms
903,is_sparkly
904,found_in_ballrooms
905,like_a_church
906,has_clergy
907,associated_with_The_House_of_God
908,has_a_cross
909,is_quiet
910,a_dairy_product
911,eaten_in_sandwiches
912,eg_-_cheddar
913,is_melted
914,made_from_milk
915,used_with_food
916,eaten_by_mice
917,eaten_on_pizza
918,eg_-_Swiss
919,smells_distinct
920,has_black_spots
921,beh_-_runs_fast
922,a_cat
923,lives_in_Africa
924,beh_-_hunts
925,has_a_pit
926,has_a_stem
927,eg_-_maraschino
928,a_baby_bird
929,beh_-_cannot_fly
930,beh_-_clucks
931,beh_-_eats_grain
932,beh_-_pecks
933,eaten_by_frying
934,is_stupid
935,lives_in_coops
936,a_relative_of_humans
937,beh_-_climbs
938,beh_-_walks
939,lives_in_jungles
940,beh_-_eats_bananas
941,lives_in_zoos
942,beh_-_climbs_trees
943,is_smart
944,used_in_experiments
945,is_cute
946,is_intelligent
947,beh_-_eats_nuts
948,has_stripes
949,associated_with_cartoons
950,used_for_sculpting
951,requires_a_hammer
952,used_for_wood_working
953,used_for_carving
954,used_for_rocks
955,used_for_art
956,has_an_alter
957,used_on_Sundays
958,has_a_congregation
959,used_for_sermons
960,used_by_smoking
961,inbeh_-_produces_smoke
962,made_of_tobacco
963,causes_cancer
964,made_in_Cuba
965,has_nicotine
966,is_addictive
967,has_a_filter
968,is_not_healthy
969,causes_disease
970,requires_a_lighter
971,lives_in_oceans
972,has_pearls
973,a_seafood
974,used_for_surgery
975,used_by_tightening
976,a_vice
977,used_for_carpentry
978,used_by_blowing_air_through
979,has_reeds
980,used_in_orchestras
981,used_with_fingers
982,inbeh_-_produces_notes
983,a_coat
984,has_a_hood
985,worn_over_clothes
986,a_cape
987,has_hands
988,used_for_telling_time
989,eg_-_digital
990,has_numbers
991,inbeh_-_ticks
992,has_an_alarm
993,has_batteries
994,used_for_keeping_time
995,requires_winding
996,a_watch
997,has_a_face
998,has_hangers
999,used_for_storing_shoes
1000,a_space
1001,is_messy
1002,found_in_hallways
1003,has_hanging_bars
1004,worn_for_the_cold
1005,has_pockets
1006,made_of_fur
1007,has_a_zipper
1008,made_of_different_materials
1009,worn_for_winter
1010,requires_extermination
1011,lives_in_dirty_places
1012,has_milk
1013,has_an_outside
1014,has_an_inside
1015,is_white_inside
1016,is_tropical
1017,has_a_brown_outside
1018,has_a_hard_shell
1019,grows_on_palm_trees
1020,eaten_as_meat
1021,inbeh_-_gets_caught
1022,lives_in_Atlantic
1023,used_as_money
1024,used_for_currency
1025,used_for_buying_items
1026,used_for_collecting
1027,has_value
1028,used_for_straining
1029,a_utensil
1030,used_for_hair
1031,used_for_grooming
1032,found_in_hair_salons
1033,used_by_humans
1034,used_for_styling
1035,used_for_sealing_wine_bottles
1036,used_for_sealing_bottles
1037,used_for_message_boards
1038,used_for_removing_corks
1039,used_for_opening_wine_bottles
1040,has_a_screw_end
1041,used_for_opening_bottles
1042,found_in_bars
1043,has_a_curly_end
1044,used_by_twisting
1045,grows_in_fields
1046,comes_on_cobs
1047,eaten_as_popcorn
1048,has_kernels
1049,has_ears
1050,has_husks
1051,is_harvested
1052,associated_with_cheese
1053,associated_with_fairy_tales
1054,has_a_fireplace
1055,used_as_a_house
1056,found_in_living_rooms
1057,has_cushions
1058,used_for_watching_television
1059,used_for_seating_many_people
1060,associated_with_couch_potato
1061,used_by_opening_into_a_bed
1062,a_relative_of_cats
1063,a_predator
1064,is_wild
1065,lives_in_mountains
1066,beh_-_eats_animals
1067,has_a_long_tail
1068,is_vicious
1069,beh_-_produces_milk
1070,has_an_udder
1071,used_for_producing_milk
1072,beh_-_produces_manure
1073,eaten_as_beef
1074,beh_-_howls
1075,a_dog
1076,lives_in_packs
1077,a_wolf
1078,has_pinchers
1079,beh_-_walks_sideways
1080,lives_on_the_sand
1081,a_crustacean
1082,used_for_juice
1083,eaten_with_turkey
1084,eaten_in_sauces
1085,eaten_at_Thanksgiving
1086,tastes_tart
1087,eaten_at_Christmas
1088,used_for_lifting
1089,requires_operators
1090,a_machine
1091,used_for_building
1092,used_for_colouring
1093,used_for_drawing
1094,used_for_colouring_books
1095,made_by_Crayola
1096,comes_in_boxes
1097,used_for_drawing_pictures
1098,is_meltable
1099,used_for_writing
1100,has_powerful_jaws
1101,used_by_firing_arrows
1102,beh_-_caws
1103,beh_-_squawks
1104,used_for_breaking_things
1105,used_for_prying_things_open
1106,used_by_thieves
1107,used_for_opening_things
1108,worn_on_the_head
1109,has_jewels
1110,worn_by_kings
1111,worn_by_queens
1112,worn_by_royalty
1113,symbol_of_royalty
1114,symbol_of_power
1115,symbol_of_status
1116,associated_with_pageants
1117,grows_on_vines
1118,has_green_skin
1119,is_cool
1120,is_cylindrical
1121,used_for_coffee
1122,used_for_tea
1123,used_for_measuring
1124,used_with_saucers
1125,made_of_china
1126,made_of_porcelain
1127,a_dish
1128,part_of_a_set_of_dishes
1129,a_mug
1130,has_patterns
1131,used_for_baking
1132,used_for_storing_cups
1133,used_for_storing_cans
1134,used_for_covering
1135,used_for_covering_windows
1136,used_for_privacy
1137,used_for_keeping_out_light/sun
1138,used_by_closing
1139,used_by_opening
1140,used_for_keeping_out_light
1141,used_for_keeping_out_sun
1142,used_with_rods
1143,found_on_couches
1144,has_filling
1145,a_pillow
1146,has_feather_filling
1147,found_on_chairs
1148,has_foam_filling
1149,used_for_resting_head
1150,found_on_beds
1151,a_knife
1152,has_a_sheath
1153,used_for_drawing_blood
1154,used_in_MacBeth
1155,a_weed
1156,has_a_green_stem
1157,grows_in_grass
1158,a_flower
1159,is_annoying
1160,a_plant
1161,beh_-_produces_pollen
1162,causes_allergies
1163,is_fluffy
1164,eg_-_bambi
1165,has_a_white_tail
1166,is_timid
1167,found_in_offices
1168,used_for_working_on
1169,has_a_surface
1170,has_a_flat_surface
1171,used_with_chairs
1172,used_by_students
1173,used_for_putting_things_on
1174,requires_washing
1175,requires_soap
1176,used_for_cleaning_dishes
1177,has_racks
1178,used_for_washing_dishes
1179,requires_detergent
1180,beh_-_barks
1181,is_man's_best_friend
1182,used_for_protection
1183,beh_-_chases
1184,beh_-_chases_cats
1185,has_a_nose
1186,has_a_wet_nose
1187,is_friendly
1188,has_own_clothes
1189,a_toy
1190,used_by_girls
1191,eg_-_Barbie
1192,like_a_human
1193,associated_with_babies
1194,is_grey
1195,beh_-_communicates
1196,beh_-_swims_fast
1197,is_sleek
1198,is_smooth
1199,is_trainable
1200,beh_-_does_tricks
1201,beh_-_jumps
1202,beh_-_makes_noises
1203,is_caught_in_nets
1204,lives_in_seas
1205,like_a_horse
1206,has_a_knob
1207,used_for_keeping_things_out
1208,has_hinges
1209,used_for_dividing_rooms
1210,used_for_entering
1211,used_for_exiting
1212,used_for_opening_doors
1213,used_by_turning
1214,found_on_doors
1215,used_for_closing_doors
1216,made_of_brass
1217,symbol_of_peace
1218,lives_in_a_nest
1219,found_in_sinks
1220,used_for_expelling_water
1221,inbeh_-_clogs
1222,found_in_bathtubs
1223,used_by_connecting_to_pipes
1224,used_for_draining_liquids
1225,a_curtains
1226,used_by_closing_at_night
1227,used_for_insulation
1228,used_by_hanging_in_windows
1229,is_formal
1230,different_styles
1231,worn_by_girls
1232,worn_for_weddings
1233,has_mirrors
1234,used_for_making_holes
1235,has_bits
1236,used_for_dentistry
1237,has_different_sized_drill_bits
1238,is_manual
1239,made_by_Black_and_Decker
1240,requires_sticks
1241,inbeh_-_produces_beats
1242,used_by_hitting
1243,inbeh_-_produces_bass_notes
1244,used_for_producing_rhythm
1245,has_webbed_feet
1246,beh_-_quacks
1247,has_a_bill
1248,lives_on_water
1249,beh_-_waddles
1250,eg_-_mallard
1251,lives_in_ponds
1252,used_on_sand
1253,used_on_beaches
1254,has_large_wheels
1255,has_roll_bars
1256,a_car
1257,has_no_roof
1258,used_in_deserts
1259,symbol_of_U.S.
1260,is_bald
1261,symbol_of_freedom
1262,worn_over_ears
1263,associated_with_winter
1264,is_fuzzy/fluffy
1265,has_a_strap
1266,worn_in_cold_temperatures
1267,worn_by_children
1268,is_slimy
1269,like_a_snake
1270,has_a_trunk
1271,has_tusks
1272,has_large_ears
1273,beh_-_eats_peanuts
1274,inbeh_-_goes_down
1275,inbeh_-_goes_up
1276,used_for_carrying_people
1277,has_cables
1278,like_a_box
1279,used_for_avoiding_stairs
1280,has_a_carrying_capacity
1281,like_a_deer
1282,worn_as_jewelry
1283,a_stone
1284,a_birth_stone
1285,a_jewel
1286,found_underground
1287,is_precious
1288,worn_on_rings
1289,worn_on_necklaces
1290,lives_in_Australia
1291,has_a_long_neck
1292,has_long_legs
1293,like_an_ostrich
1294,used_for_sending_letters
1295,used_for_posting
1296,requires_a_stamp
1297,used_by_sealing
1298,requires_an_address
1299,requires_licking
1300,inbeh_-_moves
1301,found_in_malls
1302,a_stairs
1303,has_handrails
1304,has_steps
1305,beh_-_eats_rodents
1306,has_talons
1307,used_for_cooling
1308,used_for_blowing_air
1309,inbeh_-_turns
1310,used_in_summer
1311,found_on_ceilings
1312,has_a_guard
1313,used_for_dispensing_water
1314,found_over_sinks
1315,inbeh_-_leaks
1316,has_cold_water_(left)
1317,has_hot_water_(right)
1318,has_water_controls
1319,a_tap
1320,found_over_bathtubs
1321,made_of_chrome
1322,used_for_plumbing
1323,used_for_regulating
1324,used_for_regulating_water
1325,has_spots
1326,a_deer
1327,is_young
1328,a_baby_deer
1329,has_large_eyes
1330,is_graceful
1331,eg_-_wood
1332,eg_-_metal
1333,is_high
1334,used_for_keeping_out_intruders
1335,eg_-_picket
1336,inbeh_-_surrounds_yards
1337,is_climbed
1338,is_pink
1339,beh_-_stands_on_one_leg
1340,lives_in_warm_climates
1341,lives_on_dogs
1342,causes_itching
1343,lives_on_cats
1344,beh_-_sucks_blood
1345,lives_on_animals
1346,is_hard_to_kill
1347,lives_in_rugs
1348,lives_on_pets
1349,is_oval
1350,made_of_pig_skin
1351,used_by_kicking
1352,associated_with_football_games
1353,has_2_pointed_ends
1354,has_stitching
1355,has_white_laces
1356,inbeh_-_wobbles
1357,has_prongs
1358,used_with_knives
1359,has_4_prongs
1360,made_of_stainless_steel
1361,used_with_spoons
1362,part_of_table_setting
1363,is_sly
1364,like_a_dog
1365,has_ice_inside
1366,used_for_freezing
1367,used_for_making_ice_cubes
1368,used_for_preserving_food
1369,used_for_storing_ice_cream
1370,used_for_freezing_food
1371,used_for_storing_meat
1372,part_of_refrigerators
1373,causes_freezer_burn
1374,has_a_freezer
1375,used_for_cooling_food
1376,used_for_keeping_food_fresh
1377,has_a_light_inside
1378,has_freon
1379,beh_-_hops
1380,beh_-_croaks
1381,an_amphibian
1382,beh_-_eats_flies
1383,beh_-_eats_insects
1384,lives_on_land
1385,beh_-_sits_on_lily_pads
1386,has_a_tongue
1387,used_for_storing_cars
1388,used_for_junk
1389,used_for_storing_tools
1390,used_as_a_room
1391,comes_in_bulbs
1392,used_for_repelling
1393,causes_bad_breath
1394,comes_in_cloves
1395,is_strong_smelling
1396,used_in_cooking
1397,a_spice
1398,used_for_repelling_vampires
1399,tastes_strong
1400,eaten_as_seasoning
1401,eaten_in_breads
1402,eaten_in_spaghetti_sauce
1403,used_for_Italian_cooking
1404,used_for_prevention
1405,used_for_repelling_dracula
1406,used_for_keeping_things_in
1407,part_of_a_fence
1408,has_a_latch
1409,used_for_enclosing
1410,used_for_providing_boundaries
1411,has_fingers
1412,worn_on_hands
1413,worn_for_keeping_hands_warm
1414,is_knitted
1415,a_mittens
1416,has_a_thumb
1417,worn_for_surgery
1418,has_a_beard
1419,beh_-_eats_anything
1420,used_for_producing_cheese
1421,lives_in_herds
1422,lives_in_aquariums
1423,is_short_lived
1424,beh_-_eats_fish_food
1425,beh_-_honks
1426,lives_in_Canada
1427,beh_-_digs_holes
1428,associated_with_humans
1429,beh_-_swings_from_trees
1430,has_2_arms
1431,is_violent
1432,worn_for_formal_occasions
1433,worn_for_evening
1434,is_elegant
1435,is_fancy
1436,worn_for_special_occasions
1437,a_dress
1438,used_for_wine
1439,comes_in_bunches
1440,has_no_seeds
1441,used_for_raisins
1442,is_citrus
1443,eaten_for_breakfast
1444,has_sections
1445,grows_in_Florida
1446,eaten_for_dieting
1447,has_pulp
1448,has_vitamin_C
1449,lives_in_grass
1450,found_in_summer
1451,used_for_grating_cheese
1452,used_for_shredding_things
1453,used_for_slicing
1454,has_a_pin
1455,an_explosive
1456,inbeh_-_produces_loud_noise
1457,used_by_soldiers
1458,used_by_the_military
1459,symbol_of_spring
1460,used_for_predicting_weather
1461,associated_with_holidays
1462,beh_-_sees_its_shadow
1463,lives_in_a_hole
1464,a_rodent
1465,beh_-_burrows
1466,eg_-_electric
1467,has_a_hole
1468,eg_-_acoustic
1469,requires_a_pick
1470,associated_with_rock_and_roll
1471,inbeh_-_produces_chords
1472,inbeh_-_fires_bullets
1473,has_a_trigger
1474,used_for_crimes
1475,used_for_shooting
1476,eg_-_rifle
1477,eaten_by_fish
1478,used_for_pounding
1479,used_for_pounding_nails
1480,used_for_pulling_nails
1481,has_a_metal_head
1482,found_in_toolboxes
1483,has_a_clefted_head/claw
1484,beh_-_runs_on_wheels
1485,beh_-_drinks
1486,a_rabbit
1487,has_big_ears
1488,beh_-_eats_carrots
1489,inbeh_-_produces_different_sounds
1490,used_for_classical_music
1491,associated_with_angels
1492,used_by_plucking
1493,used_for_killing_whales
1494,used_by_shooting
1495,an_axe
1496,beh_-_sees_well
1497,beh_-_soars
1498,inbeh_-_flies
1499,has_propellers
1500,inbeh_-_hovers
1501,worn_for_riding_bicycles
1502,worn_on_motorcycles
1503,is_not_illegal_to_wear
1504,worn_for_sports
1505,a_safety_accessory
1506,worn_by_hockey_players
1507,used_for_gardening
1508,used_for_tilling_soil
1509,has_an_end
1510,used_for_farming
1511,has_a_long_handle
1512,used_for_digging
1513,used_for_weeding
1514,used_for_aerating_soil
1515,eaten_in_fruit_salads
1516,has_rind
1517,used_by_hanging_things_on
1518,used_as_a_hand
1519,used_for_catching
1520,beh_-_stings
1521,beh_-_buzzes
1522,like_a_bee
1523,has_a_stinger
1524,beh_-_likes_flowers
1525,has_a_mane
1526,associated_with_saddles
1527,used_for_pulling
1528,lives_in_stables
1529,used_for_working
1530,used_for_watering_gardens
1531,inbeh_-_water_flows_through_it
1532,used_for_watering_lawns
1533,used_by_firemen
1534,used_with_sprinklers
1535,found_outdoors
1536,has_a_nozzle
1537,inbeh_-_sprays_water
1538,a_tube
1539,used_for_washing_cars
1540,worn_on_the_legs
1541,worn_under_skirts
1542,has_runs
1543,made_of_nylon
1544,worn_under_dresses
1545,is_tight
1546,inbeh_-_runs_easily
1547,has_bathrooms
1548,a_pest
1549,is_killed
1550,lives_in_houses
1551,made_of_grass
1552,beh_-_laughs
1553,associated_with_Lion_King
1554,a_lizard
1555,is_scaly
1556,has_a_long_tongue
1557,beh_-_eats_bugs
1558,lives_in_hot_climates
1559,has_food
1560,a_hotel
1561,used_as_a_place_to_stay
1562,has_beds
1563,worn_for_keeping_warm
1564,worn_in_fall
1565,worn_by_people
1566,used_for_holding_jam
1567,used_for_preserves
1568,has_a_screw_on_lid
1569,has_a_label
1570,used_for_holding_food
1571,made_of_denim
1572,is_casual
1573,has_rips
1574,inbeh_-_fades
1575,is_durable
1576,worn_for_pants
1577,used_for_rugged_terrain
1578,has_four-wheel_drive
1579,is_convertible
1580,used_for_off_roading
1581,is_open
1582,is_high_off_ground
1583,an_airplane
1584,requires_fuel
1585,used_for_boiling_water
1586,used_on_stove_tops
1587,inbeh_-_whistles
1588,used_for_making_tea
1589,has_a_spout
1590,inbeh_-_produces_steam
1591,used_for_heating_water
1592,inbeh_-_gets_hot
1593,has_a_plug
1594,used_for_making_coffee
1595,used_for_locks
1596,found_on_chains
1597,used_for_locking/unlocking_cars
1598,used_for_unlocking_things
1599,has_ridges
1600,is_easily_lost
1601,a_piano
1602,is_portable
1603,inbeh_-_flies_in_the_wind
1604,is_popular
1605,requires_wind
1606,used_by_flying
1607,like_a_diamond
1608,is_serrated
1609,used_with_forks
1610,a_cutlery
1611,used_by_butchers
1612,a_spoon
1613,used_for_serving_food
1614,used_for_stirring
1615,beh_-_bahs
1616,has_wool
1617,used_for_wool
1618,used_by_clipping/shearing
1619,requires_shepherds
1620,has_a_shade
1621,found_on_tables
1622,has_a_switch
1623,has_a_cord
1624,is_bright
1625,requires_oil
1626,used_for_light
1627,has_a_candle
1628,is_lit_by_flames
1629,requires_gas
1630,used_for_lemonade
1631,used_for_drinks
1632,like_a_cat
1633,worn_for_dancing
1634,worn_for_ballet
1635,is_stretchy
1636,worn_for_exercising
1637,worn_on_legs
1638,a_tights
1639,worn_for_aerobics
1640,is_leafy
1641,has_water
1642,has_lots_of_water_inside
1643,eg_-_romaine
1644,eg_-_iceberg
1645,different_kinds
1646,eaten_with_dressings
1647,used_for_making_straight_lines
1648,has_bubbles
1649,is_straight
1650,used_for_measuring_evenness
1651,like_a_lemon
1652,used_in_alcoholic_drinks
1653,used_in_sprite
1654,used_by_rich_people
1655,has_tinted_windows
1656,is_luxurious
1657,used_by_many_passengers
1658,has_a_bar
1659,has_a_sun_roof
1660,has_a_television
1661,has_alcohol
1662,used_at_special_occasions
1663,has_leather_seats
1664,beh_-_roars
1665,is_ferocious
1666,king_of_the_jungle
1667,king_of_the_beasts
1668,eaten_by_boiling
1669,used_for_reading
1670,has_articles
1671,has_a_cover
1672,has_advertisements
1673,has_glossy_pages
1674,like_a_book
1675,requires_money
1676,a_Chinese_language
1677,inbeh_-_rolls
1678,comes_in_bags
1679,different_designs
1680,found_by_doors
1681,used_for_wiping_feet
1682,used_for_welcoming
1683,a_rug
1684,found_in_cars
1685,used_for_protecting_things
1686,used_for_wiping_shoes
1687,made_of_bronze
1688,associated_with_winning
1689,has_a_ribbon
1690,associated_with_achievements
1691,a_prize
1692,a_reward
1693,associated_with_Olympics
1694,is_engraved
1695,used_at_restaurants
1696,has_lists_of_foods
1697,has_lists_of_prices
1698,used_for_ordering_food
1699,used_for_selecting_meals
1700,used_for_magnifying
1701,found_in_laboratories
1702,has_lenses
1703,used_for_science
1704,has_eyepieces
1705,is_scientific
1706,used_for_seeing_things_close-up
1707,has_glass
1708,an_instrument
1709,used_for_looking
1710,used_for_cooking_fast
1711,an_oven
1712,used_for_heating_food
1713,has_a_finish_signal
1714,is_box_shaped
1715,is_convenient
1716,has_a_turntable
1717,inbeh_-_produces_radiation
1718,is_modern
1719,uses_radiation
1720,used_for_coats
1721,used_for_fur
1722,made_of_animals
1723,worn_by_rich_people
1724,made_of_mink
1725,used_for_bait
1726,beh_-_swims_in_schools
1727,a_baby_fish
1728,beh_-_eats_water_plants
1729,used_for_showing_reflections
1730,inbeh_-_breaks
1731,inbeh_-_gives_bad_luck_if_breaks
1732,is_launched
1733,launched_from_airplanes
1734,has_warheads
1735,is_long_range
1736,is_attached_by_string
1737,has_no_fingers
1738,has_a_thumb_(1)_and_all_fingers_(2)
1739,used_for_making_cakes
1740,has_bowls
1741,is_short-sighted
1742,beh_-_is_attracted_to_light
1743,beh_-_eats_clothing
1744,used_with_helmets
1745,made_by_Harley_Davidson
1746,used_by_1_or_2_people
1747,used_with_leather
1748,used_by_Hell's_Angels
1749,likes_cheese
1750,beh_-_squeaks
1751,beh_-_eats_cheese
1752,is_trapped
1753,lives_in_walls
1754,lives_in_fields
1755,used_by_connecting_to_computers
1756,has_2_buttons
1757,has_a_ball
1758,has_3_buttons
1759,requires_a_mouse_pad
1760,used_for_controlling_the_cursor
1761,inbeh_-_clicks
1762,a_cup
1763,used_for_hot_chocolate
1764,used_for_eating_soup
1765,used_for_hot_drinks
1766,is_poisonous
1767,a_fungus
1768,has_a_cap
1769,used_as_drug
1770,grows_in_the_wild
1771,used_for_preventing_noise
1772,worn_over_mouths
1773,used_on_animals
1774,used_for_preventing_biting
1775,used_on_dogs
1776,used_for_restraining
1777,used_for_wiping_hands
1778,is_placed_on_laps
1779,used_at_dinners
1780,used_by_folding/unfolding
1781,used_for_wiping_mouth
1782,is_disposable
1783,made_of_pearls
1784,made_of_diamonds
1785,has_a_pendant
1786,has_a_charm
1787,has_sentimental_value
1788,made_of_beads
1789,has_no_fuzz
1790,has_smooth_skin
1791,like_a_peach
1792,worn_at_night
1793,a_pantyhose
1794,a_stockings
1795,has_toes
1796,is_sheer
1797,worn_with_dresses
1798,used_for_making_things
1799,worn_for_covering_legs
1800,used_as_home_by_animals
1801,has_8_tentacles
1802,has_tentacles
1803,beh_-_shoots_ink
1804,has_suction_cups
1805,used_for_oil
1806,eaten_in_martinis
1807,eaten_in_pasta
1808,causes_crying/tears
1809,has_layers
1810,eaten_by_chopping
1811,eg_-_spanish
1812,a_colour
1813,associated_with_baseball
1814,beh_-_sticks_head_in_sand
1815,beh_-_lays_large_eggs
1816,is_strange_looking
1817,is_hot
1818,requires_electricity
1819,used_for_broiling
1820,has_a_temperature_control
1821,beh_-_hoots
1822,used_for_ploughing
1823,worn_to_bed
1824,has_pants
1825,has_a_shirt
1826,has_2_pieces
1827,used_for_frying
1828,made_of_cast_iron
1829,used_for_finding_gold
1830,has_Teflon_coating
1831,is_non-stick
1832,has_zippers
1833,eg_-_jeans
1834,eg_-_bell_bottoms
1835,has_cuffs
1836,worn_with_belts
1837,has_belt_loops
1838,has_seams
1839,a_jacket
1840,worn_for_the_snow
1841,associated_with_Eskimos
1842,has_a_lining
1843,used_for_garnish
1844,a_herb
1845,lives_in_pear_trees
1846,is_furry/fuzzy
1847,has_a_stone
1848,has_fuzzy_skin
1849,has_long_tail_feathers
1850,beh_-_fans_tail_feathers
1851,grows_in_the_summer
1852,worn_as_necklaces
1853,found_in_oysters
1854,found_in_oceans
1855,made_by_oysters
1856,found_in_clams
1857,worn_as_earrings
1858,grows_in_pods
1859,comes_frozen
1860,has_a_large_beak
1861,lives_by_the_ocean
1862,lives_on_beaches
1863,has_ink
1864,has_a_ball_point
1865,used_with_paper
1866,has_an_eraser
1867,is_sharpened
1868,is_erasable
1869,used_at_school
1870,has_an_eraser_on_end
1871,is_mechanical
1872,used_for_math
1873,made_of_graphite
1874,lives_in_cold_climates
1875,lives_in_Arctic
1876,lives_in_Antarctic
1877,lives_in_flocks
1878,eaten_with_food
1879,associated_with_sneezing
1880,comes_in_small_pieces
1881,tastes_hot/spicy
1882,a_seasoning
1883,found_beside_salt
1884,used_by_sprinkling
1885,used_for_flavouring
1886,used_with_salt
1887,eg_-_grand
1888,has_a_bench
1889,made_of_ivory
1890,made_of_cucumbers
1891,comes_in_jars
1892,tastes_dill
1893,eaten_with_hamburgers
1894,comes_in_a_brine
1895,tastes_salty
1896,eg_-_apple_pie
1897,used_by_cutting
1898,found_near_the_water
1899,used_for_docking_boats
1900,found_near_the_ocean
1901,used_for_walking_along
1902,has_a_lighthouse
1903,juts_out_into_water
1904,used_for_boats
1905,has_a_curly_tail
1906,has_a_snout
1907,eaten_as_bacon
1908,beh_-_oinks
1909,is_fat
1910,a_baby_is_a_piglet
1911,beh_-_squeals
1912,eaten_as_ham
1913,eaten_as_pork
1914,is_muddy
1915,likes_mud
1916,lives_in_cities
1917,has_2_feet
1918,lives_in_parks
1919,beh_-_coos
1920,has_a_pillow_case
1921,used_for_pillow_fights
1922,inbeh_-_pricks_fingers
1923,used_for_sewing
1924,used_as_Christmas_trees
1925,is_prickly
1926,is_yellow_inside
1927,grows_in_Hawaii
1928,used_for_carrying_water
1929,made_of_copper
1930,used_for_transporting_liquids
1931,has_connections
1932,used_for_smoking_tobacco
1933,used_by_inhaling
1934,used_by_old_men
1935,used_for_smoking_drugs
1936,requires_a_license
1937,used_for_wounding
1938,used_for_putting_food_on
1939,found_in_cupboards
1940,has_a_dead_nose
1941,used_for_gripping
1942,used_for_electricity
1943,used_for_appliances
1944,has_2_prongs
1945,has_3_prongs
1946,requires_a_socket
1947,used_for_delivering_power
1948,used_with_an_outlet
1949,eaten_as_prunes_(dried)
1950,used_by_riding_by_children
1951,a_horse
1952,a_small_horse
1953,beh_-_eats_hay
1954,has_a_long_mane
1955,has_quills
1956,is_slow
1957,beh_-_shoots_quills
1958,eaten_as_french_fries
1959,eaten_by_mashing
1960,has_starch
1961,has_potato_eyes
1962,has_carbohydrates
1963,is_inexpensive
1964,used_for_projecting
1965,used_for_showing_films
1966,requires_a_screen
1967,used_for_enlarging_pictures
1968,is_dried
1969,is_wrinkled
1970,made_from_plums
1971,eaten_by_old_people
1972,eaten_for_constipation
1973,made_from_dried_plums
1974,eaten_for_helping_digestion
1975,used_at_Hallowe'en
1976,used_for_Jack_O'Lanterns
1977,used_by_carving
1978,used_in_autumn
1979,found_in_Egypt
1980,is_triangular
1981,made_of_stones
1982,has_tombs
1983,is_ancient
1984,found_in_deserts
1985,is_old
1986,made_by_Egyptians
1987,a_wonder_of_the_world
1988,is_mysterious
1989,made_of_blocks
1990,a_snake
1991,beh_-_strangles_prey
1992,beh_-_slithers
1993,beh_-_eats_small_animals
1994,associated_with_Easter
1995,has_a_mask
1996,used_for_tennis
1997,used_for_squash
1998,used_by_hitting_balls
1999,used_for_badminton
2000,has_a_hand_grip
2001,used_for_racquet_ball
2002,used_for_listening
2003,used_for_listening_to_music
2004,used_for_listening_to_news
2005,used_for_playing_different_stations
2006,used_for_playing_FM
2007,used_for_playing_AM
2008,has_adjustable_volume_control
2009,has_dials
2010,uses_sound_waves
2011,used_for_communication
2012,used_for_listening_to_talk_shows
2013,has_an_antenna
2014,inbeh_-_produces_static
2015,has_a_red_outside
2016,is_tied_together_with_rope
2017,used_by_Tom_Sawyer
2018,used_for_riding_rapids
2019,used_with_paddles
2020,used_with_poles
2021,made_from_grapes
2022,made_from_dried_grapes
2023,grows_in_California
2024,eaten_in_cereals
2025,used_in_baking
2026,used_for_removing_leaves
2027,found_in_gardens
2028,like_a_fork
2029,used_on_lawns
2030,eaten_as_jam
2031,carries_disease
2032,lives_in_sewers
2033,has_beady_eyes
2034,used_by_babies
2035,associated_with_snakes
2036,has_shakers_inside
2037,has_a_rattle_on_tail
2038,beh_-_rattles
2039,is_slender
2040,used_for_shaving
2041,used_by_men
2042,used_by_women
2043,requires_bullets
2044,inbeh_-_produces_a_loud_noise_when_fired
2045,used_by_criminals
2046,has_6_bullets
2047,used_for_pies
2048,grows_in_water
2049,a_grain
2050,associated_with_China
2051,has_a_long_barrel
2052,worn_on_fingers
2053,symbol_of_marriages
2054,is_cheap
2055,symbol
2056,worn_for_showers
2057,has_a_belt
2058,made_of_terry_cloth
2059,worn_for_bathing
2060,worn_for_covering_body
2061,worn_over_pajamas
2062,has_a_breast
2063,has_a_red_breast
2064,beh_-_lays_blue_eggs
2065,is_common
2066,a_music
2067,has_minerals
2068,is_solid
2069,used_by_rocking
2070,a_chair
2071,used_for_traveling_into_space
2072,used_by_astronauts
2073,made_by_N.A.S.A.
2074,a_male_chicken
2075,beh_-_crows
2076,associated_with_morning
2077,used_for_waking_up_people
2078,has_a_comb
2079,a_chicken
2080,used_by_tying
2081,used_for_climbing
2082,used_for_hangings
2083,used_for_jumping
2084,is_braided
2085,is_twisted
2086,has_units
2087,used_for_drawing_straight_lines
2088,has_units_-_inches
2089,has_units_-_cm
2090,has_edges
2091,has_straight_edges
2092,is_1_foot_long
2093,is_metric
2094,eg_-_a_king
2095,a_bag
2096,used_for_holding_potatoes
2097,made_of_burlap
2098,worn_over_shoulder
2099,used_on_horses
2100,used_for_riding
2101,has_stirrups
2102,found_on_horses_backs
2103,used_for_leisure
2104,has_a_mast
2105,worn_in_summer
2106,a_shoe
2107,worn_at_beaches
2108,worn_for_walking
2109,worn_for_walking_in_sand
2110,a_footwear
2111,worn_by_Jesus_Christ
2112,worn_for_exposing_feet
2113,worn_in_hot_weather
2114,used_for_smoothing
2115,used_for_smoothing_wood
2116,has_different_sizes_of_grains/textures
2117,made_of_sand
2118,found_in_workshops
2119,has_a_sheet
2120,bought/sold_in_hardware_stores
2121,has_fine_sand_covering_it
2122,is_gritty
2123,comes_in_cans
2124,used_with_cups
2125,eg_-_flying_saucer
2126,a_UFO
2127,used_for_feeding_cats
2128,used_with_tea_cups
2129,a_plate
2130,used_for_catching_drips
2131,used_for_playing_jazz
2132,a_woodwind
2133,has_a_mouthpiece
2134,is_fashionable
2135,has_2_blades
2136,used_for_cutting_paper
2137,used_for_turning
2138,used_for_turning_screws
2139,made_of_vodka_and_orange_juice
2140,used_for_tightening
2141,used_for_tightening_screws
2142,a_drink
2143,has_a_flat_head_(slot)
2144,used_for_loosening
2145,has_a_Phillips_head
2146,used_for_loosening_screws
2147,used_for_repairs
2148,has_different_heads
2149,used_with_screwdrivers
2150,used_in_wood
2151,has_a_flat_head
2152,like_a_nail
2153,a_bolts
2154,used_for_metal
2155,lives_by_the_beach
2156,beh_-_makes_loud_noises
2157,has_flippers
2158,killed_for_fur
2159,eaten_by_animals
2160,grows_in_seas
2161,grows_in_oceans
2162,is_run-down
2163,worn_by_old_women
2164,found_in_back_yards
2165,used_for_storing_lawnmowers
2166,used_for_storing_bicycles
2167,a_baby_is_a_lamb
2168,herded_by_shepherds
2169,is_cuddly
2170,is_gentle
2171,found_on_beaches
2172,found_in_seas
2173,used_for_storing_books
2174,associated_with_swords
2175,associated_with_knights
2176,used_for_battle
2177,requires_captains
2178,requires_crews
2179,used_for_cruising
2180,has_decks
2181,is_sinkable
2182,has_short_sleeves
2183,worn_with_ties
2184,has_long_sleeves
2185,eg_-_t-shirt
2186,requires_ironing
2187,worn
2188,has_high_heels
2189,worn_for_running
2190,made_of_suede
2191,worn_for_covering_feet
2192,used_for_moving_snow
2193,used_for_removing
2194,used_for_scooping
2195,used_with_dirt
2196,used_for_digging_holes
2197,has_a_metal_end
2198,used_for_removing_snow
2199,a_basin
2200,made_of_enamel
2201,used_for_laundry
2202,used_for_performing_tricks
2203,a_board
2204,a_pan
2205,has_pleats
2206,worn_by_men_-_kilt
2207,different_lengths
2208,eg_-_mini_skirt
2209,is_dressy
2210,used_on_snow
2211,used_on_mountains
2212,requires_poles
2213,has_bindings
2214,requires_boots
2215,used_for_sliding_down_hills
2216,used_in_the_cold
2217,smells_bad
2218,beh_-_sprays_when_in_danger
2219,has_a_stripe
2220,used_for_housing_people
2221,has_many_floors
2222,used_for_business
2223,used_for_offices
2224,has_stairs
2225,owned_by_companies
2226,used_in_winter
2227,used_by_pulling_by_dogs
2228,used_for_tobogganing
2229,used_by_Santa
2230,used_in_the_winter
2231,has_elastic
2232,has_a_Y_shaped_part
2233,used_by_boys
2234,used_by_David_on_Goliath
2235,used_for_hunting_small_game
2236,worn_in_houses
2237,used_for_chewing_by_dogs
2238,worn_indoors
2239,eaten_as_escargot
2240,like_a_slug
2241,lives_in_a_shell
2242,eg_-_sport
2243,is_darned
2244,is_knee_high
2245,has_a_hidden_bed
2246,found_in_dens
2247,used_for_lying_down
2248,a_shovel
2249,used_by_gardeners
2250,lives_in_nests
2251,used_for_flipping
2252,is_primitive
2253,beh_-_spins_webs
2254,has_8_legs
2255,beh_-_produces_poison
2256,is_hairy
2257,associated_with_Popeye
2258,has_a_round_end
2259,used_for_eating_dessert
2260,has_a_concave_end/ladle
2261,lives_in_saltwater
2262,has_a_bushy_tail
2263,has_speakers
2264,used_for_playing_records
2265,has_a_radio
2266,used_for_playing_cassettes
2267,has_a_cassette_deck
2268,has_a_CD_player
2269,used_for_playing_CD's
2270,sounds_great
2271,part_of_a_tree
2272,used_for_playing_with_dogs
2273,used_for_walking
2274,a_branch
2275,used_for_poking
2276,a_rock
2277,has_a_foot_rest
2278,has_no_backrest
2279,used_for_delivering_babies
2280,has_a_long_beak
2281,lives_in_marshes
2282,has_elements
2283,has_an_oven
2284,used_for_heating
2285,requires_wood
2286,inbeh_-_water_passes_through
2287,used_for_pasta
2288,used_for_draining
2289,used_for_separating
2290,used_for_vegetables
2291,used_for_making_jams
2292,grows_on_plants
2293,is_picked
2294,used_for_making_pies
2295,used_in_desserts
2296,used_underwater
2297,used_by_the_navy
2298,has_a_periscope
2299,has_nuclear_missiles
2300,requires_a_crew
2301,requires_nuclear_power
2302,is_underground
2303,a_train
2304,has_graffiti
2305,found_in_large_cities
2306,is_efficient
2307,like_a_train
2308,used_on_waves
2309,made_of_fiberglass
2310,requires_waxing
2311,used_by_standing_on
2312,lives_on_ponds
2313,beh_-_is_quiet
2314,eg_-_a_pull-over
2315,worn_for_swimming
2316,has_1_piece
2317,a_bikini
2318,inbeh_-_dries_quickly
2319,worn_for_suntanning
2320,associated_with_swimming_pools
2321,inbeh_-_gets_wet
2322,made_of_spandex
2323,used_by_knights
2324,has_a_long_blade
2325,used_for_eating_on
2326,has_chairs
2327,used_for_holding_paper
2328,used_on_boards
2329,used_on_bulletin_boards
2330,has_guns
2331,used_by_armies
2332,has_tracks
2333,is_bulletproof
2334,used_for_destruction
2335,used_for_keeping_fish
2336,found_on_sinks
2337,used_for_getting_cold_water
2338,used_for_getting_hot_water
2339,a_faucet
2340,is_sticky
2341,is_clear
2342,comes_in_rolls
2343,used_for_attaching_things
2344,used_on_presents
2345,used_on_walls
2346,found_in_New_York
2347,a_cab
2348,inbeh_-_rings
2349,used_for_talking
2350,has_a_receiver
2351,used_for_calling_people
2352,associated_with_Bell
2353,has_a_dial
2354,is_waterproof
2355,has_poles
2356,made_of_canvas
2357,requires_setting_up
2358,used_outdoors
2359,used_for_measuring_temperatures
2360,has_mercury
2361,is_measured_in_degrees_Celsius
2362,is_measured_in_degrees_Fahrenheit
2363,is_placed_under_tongues
2364,used_for_fevers
2365,used_for_measuring_weather
2366,used_when_people_are_ill
2367,worn_on_thumbs
2368,used_with_needles
2369,has_dimples
2370,found_in_sewing_kits
2371,has_a_knot
2372,worn_with_suits
2373,eg_-_bow
2374,is_businesslike
2375,has_large_teeth
2376,lives_in_India
2377,has_warts
2378,a_relative_of_frogs
2379,a_frog
2380,lives_on_lily_pads
2381,used_for_cooking_bread
2382,inbeh_-_pops_up
2383,used_for_breakfast
2384,used_for_burning_bread
2385,used_for_browning_bread
2386,used_by_flushing
2387,inbeh_-_holds_water
2388,used_for_bodily_functions
2389,used_for_scalping
2390,has_a_stone_blade
2391,is_adorned_with_feathers
2392,eaten_as_sauces
2393,used_for_picking_up_items
2394,used_for_picking_up_food
2395,a_turtle
2396,is_long_lived
2397,has_a_retractable_head
2398,used_for_amusement
2399,eg_-_dolls
2400,used_as_presents
2401,used_for_stimulating_imagination
2402,used_on_farms
2403,used_by_pulling_behind_cars
2404,found_at_trailer_parks
2405,is_mobile
2406,used_for_trucking
2407,has_a_hitch
2408,used_on_rail_tracks
2409,used_for_freight
2410,has_a_caboose
2411,has_many_cars
2412,requires_a_conductor
2413,requires_coal
2414,requires_engineers
2415,found_in_cafeterias
2416,used_for_carrying_drinks
2417,used_by_waitresses
2418,has_3_wheels
2419,a_bike
2420,used_for_riding_on_sidewalks
2421,has_3_legs
2422,used_for_holding_cameras
2423,used_for_stability
2424,used_by_photographers
2425,used_on_tracks
2426,has_a_mouth-piece
2427,has_a_slide_valve
2428,a_pants
2429,worn_with_suspenders
2430,eaten_by_catching
2431,eg_-_dump
2432,has_>_4_wheels
2433,has_18_wheels
2434,has_3_valves
2435,has_valves
2436,beh_-_gobbles
2437,a_poultry
2438,eaten_by_stuffing
2439,eaten_with_gravy
2440,eaten_with_stuffing
2441,beh_-_walks_slowly
2442,beh_-_will_snap_at_people
2443,requires_ink
2444,requires_paper
2445,used_for_typing
2446,has_letters
2447,used_for_writing_letters
2448,like_a_computer
2449,used_for_the_rain
2450,used_for_keeping_dry
2451,has_1_wheel
2452,requires_skill
2453,requires_balance
2454,found_at_funerals
2455,symbol_of_death
2456,a_truck
2457,has_sliding_doors
2458,is_spacious
2459,worn_for_covering_faces
2460,worn_by_brides
2461,worn_for_funerals
2462,made_of_lace
2463,a_hat
2464,made_of_different_fabrics
2465,has_grapes
2466,grows_on_houses
2467,used_for_swinging
2468,has_a_bow
2469,has_a_chin_rest
2470,has_a_case
2471,used_in_symphonies
2472,has_a_covering
2473,used_in_the_wild_west
2474,used_for_support
2475,made_of_drywall
2476,requires_painting
2477,used_for_holding_pictures
2478,a_barrier
2479,found_in_rooms
2480,a_nut
2481,eaten_by_people
2482,has_large_tusks
2483,lives_near_water
2484,used_for_magic
2485,a_stick
2486,used_by_magicians
2487,used_by_fairies
2488,used_by_witches
2489,is_magical
2490,used_by_waving
2491,beh_-_spouts_water
2492,has_blubber
2493,beh_-_breathes
2494,used_on_cars
2495,used_for_mobility
2496,is_invented
2497,has_spokes
2498,has_rims
2499,has_2_handles
2500,has_a_bin
2501,used_for_inflicting_pain
2502,associated_with_training
2503,used_for_torture
2504,used_on_lions
2505,used_for_alerting
2506,inbeh_-_makes_high_pitched_noise
2507,has_a_ball_inside
2508,used_by_lifeguards
2509,used_in_games
2510,beh_-_branches_droop_down
2511,eg_weeping
2512,beh_-_puts_holes_in_trees
2513,found_in_cartoons
2514,has_a_strong_beak
2515,lives_in_dirt
2516,beh_-_wiggles
2517,used_for_tightening_bolts
2518,used_for_tightening_nuts
2519,used_for_loosening_bolts
2520,used_for_sailing
2521,used_for_recreation
2522,like_a_potato
2523,eaten_by_lions
2524,like_a_cucumber
2525,has_a_green_outside
